1,"  Oxidoreductases,   Acting on the CHOH group of donors,    With NAD(+) or NADP(+) as acceptor",primary,1
2,"  Oxidoreductases,   Acting on the CHOH group of donors,    With NAD(+) or NADP(+) as acceptor",primary,2
3,"  Oxidoreductases,   Acting on the CHOH group of donors,    With NAD(+) or NADP(+) as acceptor",primary,3
4,"  Oxidoreductases,   Acting on the CHOH group of donors,    With NAD(+) or NADP(+) as acceptor",primary,4
5,"  Oxidoreductases,   Acting on the CHOH group of donors,    With NAD(+) or NADP(+) as acceptor",primary,5
6,"  Oxidoreductases,   Acting on the CHOH group of donors,    With NAD(+) or NADP(+) as acceptor",primary,6
7,"  Oxidoreductases,   Acting on the CHOH group of donors,    With NAD(+) or NADP(+) as acceptor",primary,7
8,"  Oxidoreductases,   Acting on the CHOH group of donors,    With NAD(+) or NADP(+) as acceptor",primary,8
9,"  Oxidoreductases,   Acting on the CHOH group of donors,    With NAD(+) or NADP(+) as acceptor",primary,9
10,"  Oxidoreductases,   Acting on the CHOH group of donors,    With NAD(+) or NADP(+) as acceptor",primary,10
11,"  Oxidoreductases,   Acting on the CHOH group of donors,    With NAD(+) or NADP(+) as acceptor",primary,11
12,"  Oxidoreductases,   Acting on the CHOH group of donors,    With NAD(+) or NADP(+) as acceptor",primary,12
13,"  Oxidoreductases,   Acting on the CHOH group of donors,    With NAD(+) or NADP(+) as acceptor",primary,13
14,"  Oxidoreductases,   Acting on the CHOH group of donors,    With NAD(+) or NADP(+) as acceptor",primary,14
15,"  Oxidoreductases,   Acting on the CHOH group of donors,    With NAD(+) or NADP(+) as acceptor",primary,15
16,"  Oxidoreductases,   Acting on the CHOH group of donors,    With NAD(+) or NADP(+) as acceptor",primary,16
17,"  Oxidoreductases,   Acting on the CHOH group of donors,    With NAD(+) or NADP(+) as acceptor",primary,17
18,"  Oxidoreductases,   Acting on the CHOH group of donors,    With NAD(+) or NADP(+) as acceptor",primary,18
19,"  Oxidoreductases,   Acting on the CHOH group of donors,    With NAD(+) or NADP(+) as acceptor",primary,19
20,"  Oxidoreductases,   Acting on the CHOH group of donors,    With NAD(+) or NADP(+) as acceptor",primary,20
21,"  Oxidoreductases,   Acting on the CHOH group of donors,    With NAD(+) or NADP(+) as acceptor",primary,21
22,"  Oxidoreductases,   Acting on the CHOH group of donors,    With NAD(+) or NADP(+) as acceptor",primary,22
23,"  Oxidoreductases,   Acting on the CHOH group of donors,    With NAD(+) or NADP(+) as acceptor",primary,23
24,"  Oxidoreductases,   Acting on the CHOH group of donors,    With NAD(+) or NADP(+) as acceptor",primary,24
25,"  Oxidoreductases,   Acting on the CHOH group of donors,    With NAD(+) or NADP(+) as acceptor",primary,25
26,"  Oxidoreductases,   Acting on the CHOH group of donors,    With NAD(+) or NADP(+) as acceptor",primary,26
27,"  Oxidoreductases,   Acting on the CHOH group of donors,    With NAD(+) or NADP(+) as acceptor",primary,27
28,"  Oxidoreductases,   Acting on the CHOH group of donors,    With NAD(+) or NADP(+) as acceptor",primary,28
29,"  Oxidoreductases,   Acting on the CHOH group of donors,    With NAD(+) or NADP(+) as acceptor",primary,29
30,"  Oxidoreductases,   Acting on the CHOH group of donors,    With NAD(+) or NADP(+) as acceptor",primary,30
31,"  Oxidoreductases,   Acting on the CHOH group of donors,    With NAD(+) or NADP(+) as acceptor",primary,31
32,"  Oxidoreductases,   Acting on the CHOH group of donors,    With NAD(+) or NADP(+) as acceptor",primary,32
33,"  Oxidoreductases,   Acting on the CHOH group of donors,    With NAD(+) or NADP(+) as acceptor",primary,33
34,"  Oxidoreductases,   Acting on the CHOH group of donors,    With NAD(+) or NADP(+) as acceptor",primary,34
35,"  Oxidoreductases,   Acting on the CHOH group of donors,    With NAD(+) or NADP(+) as acceptor",primary,35
36,"  Oxidoreductases,   Acting on the CHOH group of donors,    With NAD(+) or NADP(+) as acceptor",primary,36
37,"  Oxidoreductases,   Acting on the CHOH group of donors,    With NAD(+) or NADP(+) as acceptor",primary,37
38,"  Oxidoreductases,   Acting on the CHOH group of donors,    With NAD(+) or NADP(+) as acceptor",primary,38
39,"  Oxidoreductases,   Acting on the CHOH group of donors,    With NAD(+) or NADP(+) as acceptor",primary,39
40,"  Oxidoreductases,   Acting on the CHOH group of donors,    With NAD(+) or NADP(+) as acceptor",primary,40
41,"  Oxidoreductases,   Acting on the CHOH group of donors,    With NAD(+) or NADP(+) as acceptor",primary,41
42,"  Oxidoreductases,   Acting on the CHOH group of donors,    With NAD(+) or NADP(+) as acceptor",primary,42
43,"  Oxidoreductases,   Acting on the CHOH group of donors,    With NAD(+) or NADP(+) as acceptor",primary,43
44,"  Oxidoreductases,   Acting on the CHOH group of donors,    With NAD(+) or NADP(+) as acceptor",primary,44
45,"  Oxidoreductases,   Acting on the CHOH group of donors,    With NAD(+) or NADP(+) as acceptor",primary,45
46,"  Oxidoreductases,   Acting on the CHOH group of donors,    With NAD(+) or NADP(+) as acceptor",primary,46
47,"  Oxidoreductases,   Acting on the CHOH group of donors,    With NAD(+) or NADP(+) as acceptor",primary,47
48,"  Oxidoreductases,   Acting on the CHOH group of donors,    With NAD(+) or NADP(+) as acceptor",primary,48
49,"  Oxidoreductases,   Acting on the CHOH group of donors,    With NAD(+) or NADP(+) as acceptor",primary,49
50,"  Oxidoreductases,   Acting on the CHOH group of donors,    With NAD(+) or NADP(+) as acceptor",primary,50
51,"  Oxidoreductases,   Acting on the CHOH group of donors,    With NAD(+) or NADP(+) as acceptor",primary,51
52,"  Oxidoreductases,   Acting on the CHOH group of donors,    With NAD(+) or NADP(+) as acceptor",primary,52
53,"  Oxidoreductases,   Acting on the CHOH group of donors,    With NAD(+) or NADP(+) as acceptor",primary,53
54,"  Oxidoreductases,   Acting on the CHOH group of donors,    With NAD(+) or NADP(+) as acceptor",primary,54
55,"  Oxidoreductases,   Acting on the CHOH group of donors,    With NAD(+) or NADP(+) as acceptor",primary,55
56,"  Oxidoreductases,   Acting on the CHOH group of donors,    With NAD(+) or NADP(+) as acceptor",primary,56
57,"  Oxidoreductases,   Acting on the CHOH group of donors,    With oxygen as acceptor",primary,57
58,"  Oxidoreductases,   Acting on the CHOH group of donors,    With oxygen as acceptor",primary,58
59,"  Oxidoreductases,   Acting on the CHOH group of donors,    With a quinone or similar compound as acceptor",primary,59
60,"  Oxidoreductases,   Acting on the CHOH group of donors,    With other acceptors",primary,60
61,"  Oxidoreductases,   Acting on the CHOH group of donors,    With other acceptors",primary,61
62,"  Oxidoreductases,   Acting on a peroxide as acceptor,    Peroxidases",primary,62
63,"  Oxidoreductases,   Acting on a peroxide as acceptor,    Peroxidases",primary,63
64,"  Oxidoreductases,   Acting on a peroxide as acceptor,    Peroxidases",primary,64
65,"  Oxidoreductases,   Acting on a peroxide as acceptor,    Peroxidases",primary,65
66,"  Oxidoreductases,   Acting on single donors with incorporation of molecular oxygen,    With incorporation of two atoms of oxygen",primary,66
67,"  Oxidoreductases,   Acting on single donors with incorporation of molecular oxygen,    With incorporation of two atoms of oxygen",primary,67
68,"  Oxidoreductases,   Acting on single donors with incorporation of molecular oxygen,    With incorporation of two atoms of oxygen",primary,68
69,"  Oxidoreductases,   Acting on single donors with incorporation of molecular oxygen,    With incorporation of two atoms of oxygen",primary,69
70,"  Oxidoreductases,   Acting on single donors with incorporation of molecular oxygen,    With incorporation of two atoms of oxygen",primary,70
71,"  Oxidoreductases,   Acting on single donors with incorporation of molecular oxygen,    With incorporation of two atoms of oxygen",primary,71
72,"  Oxidoreductases,   Acting on single donors with incorporation of molecular oxygen,    With incorporation of two atoms of oxygen",primary,72
73,"  Oxidoreductases,   Acting on single donors with incorporation of molecular oxygen,    With incorporation of two atoms of oxygen",primary,73
74,"  Oxidoreductases,   Acting on single donors with incorporation of molecular oxygen,    With incorporation of two atoms of oxygen",primary,74
75,"  Oxidoreductases,   Acting on single donors with incorporation of molecular oxygen,    With incorporation of two atoms of oxygen",primary,75
76,"  Oxidoreductases,   Acting on single donors with incorporation of molecular oxygen,    With incorporation of two atoms of oxygen",primary,76
77,"  Oxidoreductases,   Acting on single donors with incorporation of molecular oxygen,    Miscellaneous (requires further characterization)",primary,77
78,"  Oxidoreductases,   Acting on paired donors, with incorporation or reduction of molecular oxygen,    With 2oxoglutarate as one donor, and incorporation of one atom each of oxygen into both donors",primary,78
79,"  Oxidoreductases,   Acting on paired donors, with incorporation or reduction of molecular oxygen,    With 2oxoglutarate as one donor, and incorporation of one atom each of oxygen into both donors",primary,79
80,"  Oxidoreductases,   Acting on paired donors, with incorporation or reduction of molecular oxygen,    With 2oxoglutarate as one donor, and incorporation of one atom each of oxygen into both donors",primary,80
81,"  Oxidoreductases,   Acting on paired donors, with incorporation or reduction of molecular oxygen,    With 2oxoglutarate as one donor, and incorporation of one atom each of oxygen into both donors",primary,81
82,"  Oxidoreductases,   Acting on paired donors, with incorporation or reduction of molecular oxygen,    With 2oxoglutarate as one donor, and incorporation of one atom each of oxygen into both donors",primary,82
83,"  Oxidoreductases,   Acting on paired donors, with incorporation or reduction of molecular oxygen,    With NADH or NADPH as one donor, and incorporation of one atom of oxygen",primary,83
84,"  Oxidoreductases,   Acting on paired donors, with incorporation or reduction of molecular oxygen,    With NADH or NADPH as one donor, and incorporation of one atom of oxygen",primary,84
85,"  Oxidoreductases,   Acting on paired donors, with incorporation or reduction of molecular oxygen,    With NADH or NADPH as one donor, and incorporation of one atom of oxygen",primary,85
86,"  Oxidoreductases,   Acting on paired donors, with incorporation or reduction of molecular oxygen,    With NADH or NADPH as one donor, and incorporation of one atom of oxygen",primary,86
87,"  Oxidoreductases,   Acting on paired donors, with incorporation or reduction of molecular oxygen,    With NADH or NADPH as one donor, and incorporation of one atom of oxygen",primary,87
88,"  Oxidoreductases,   Acting on paired donors, with incorporation or reduction of molecular oxygen,    With NADH or NADPH as one donor, and incorporation of one atom of oxygen",primary,88
89,"  Oxidoreductases,   Acting on paired donors, with incorporation or reduction of molecular oxygen,    With NADH or NADPH as one donor, and incorporation of one atom of oxygen",primary,89
90,"  Oxidoreductases,   Acting on paired donors, with incorporation or reduction of molecular oxygen,    With NADH or NADPH as one donor, and incorporation of one atom of oxygen",primary,90
91,"  Oxidoreductases,   Acting on paired donors, with incorporation or reduction of molecular oxygen,    With NADH or NADPH as one donor, and incorporation of one atom of oxygen",primary,91
92,"  Oxidoreductases,   Acting on paired donors, with incorporation or reduction of molecular oxygen,    With NADH or NADPH as one donor, and incorporation of one atom of oxygen",primary,92
93,"  Oxidoreductases,   Acting on paired donors, with incorporation or reduction of molecular oxygen,    With reduced flavin or flavoprotein as one donor, and incorporation of one atom of oxygen",primary,93
94,"  Oxidoreductases,   Acting on paired donors, with incorporation or reduction of molecular oxygen,    With a reduced ironsulfur protein as one donor, and incorporation of one atom of oxygen",primary,94
95,"  Oxidoreductases,   Acting on paired donors, with incorporation or reduction of molecular oxygen,    With a reduced ironsulfur protein as one donor, and incorporation of one atom of oxygen",primary,95
96,"  Oxidoreductases,   Acting on paired donors, with incorporation or reduction of molecular oxygen,    With reduced pteridine as one donor, and incorporation of one atom of oxygen",primary,96
97,"  Oxidoreductases,   Acting on paired donors, with incorporation or reduction of molecular oxygen,    With reduced pteridine as one donor, and incorporation of one atom of oxygen",primary,97
98,"  Oxidoreductases,   Acting on paired donors, with incorporation or reduction of molecular oxygen,    With reduced pteridine as one donor, and incorporation of one atom of oxygen",primary,98
99,"  Oxidoreductases,   Acting on paired donors, with incorporation or reduction of molecular oxygen,    With reduced ascorbate as one donor, and incorporation of one atom of oxygen",primary,99
100,"  Oxidoreductases,   Acting on paired donors, with incorporation or reduction of molecular oxygen,    With another compound as one donor, and incorporation of one atom of oxygen",primary,100
101,"  Oxidoreductases,   Acting on paired donors, with incorporation or reduction of molecular oxygen,    With another compound as one donor, and incorporation of one atom of oxygen",primary,101
102,"  Oxidoreductases,   Acting on paired donors, with incorporation or reduction of molecular oxygen,    With oxidation of a pair of donors resulting in the reduction of molecular oxygen to two molecules of water",primary,102
103,"  Oxidoreductases,   Acting on paired donors, with incorporation or reduction of molecular oxygen,    Miscellaneous (requires further characterization)",primary,103
104,"  Oxidoreductases,   Acting on paired donors, with incorporation or reduction of molecular oxygen,    Miscellaneous (requires further characterization)",primary,104
105,"  Oxidoreductases,   Acting on paired donors, with incorporation or reduction of molecular oxygen,    Miscellaneous (requires further characterization)",primary,105
106,"  Oxidoreductases,   Acting on paired donors, with incorporation or reduction of molecular oxygen,    Miscellaneous (requires further characterization)",primary,106
107,"  Oxidoreductases,   Acting on paired donors, with incorporation or reduction of molecular oxygen,    Miscellaneous (requires further characterization)",primary,107
108,"  Oxidoreductases,   Acting on paired donors, with incorporation or reduction of molecular oxygen,    Miscellaneous (requires further characterization)",primary,108
109,"  Oxidoreductases,   Acting on paired donors, with incorporation or reduction of molecular oxygen,    Miscellaneous (requires further characterization)",primary,109
110,"  Oxidoreductases,   Acting on superoxide as acceptor,    Acting on superoxide as acceptor",primary,110
111,"  Oxidoreductases,   Oxidizing metal ions,    With oxygen as acceptor",primary,111
112,"  Oxidoreductases,   Acting on CH or CH(2) groups,    With NAD(+) or NADP(+) as acceptor",primary,112
113,"  Oxidoreductases,   Acting on CH or CH(2) groups,    With oxygen as acceptor",primary,113
114,"  Oxidoreductases,   Acting on CH or CH(2) groups,    With a disulfide as acceptor",primary,114
115,"  Oxidoreductases,   Acting on the aldehyde or oxo group of donors,    With NAD(+) or NADP(+) as acceptor",primary,115
116,"  Oxidoreductases,   Acting on the aldehyde or oxo group of donors,    With NAD(+) or NADP(+) as acceptor",primary,116
117,"  Oxidoreductases,   Acting on the aldehyde or oxo group of donors,    With NAD(+) or NADP(+) as acceptor",primary,117
118,"  Oxidoreductases,   Acting on the aldehyde or oxo group of donors,    With NAD(+) or NADP(+) as acceptor",primary,118
119,"  Oxidoreductases,   Acting on the aldehyde or oxo group of donors,    With NAD(+) or NADP(+) as acceptor",primary,119
120,"  Oxidoreductases,   Acting on the aldehyde or oxo group of donors,    With NAD(+) or NADP(+) as acceptor",primary,120
121,"  Oxidoreductases,   Acting on the aldehyde or oxo group of donors,    With NAD(+) or NADP(+) as acceptor",primary,121
122,"  Oxidoreductases,   Acting on the aldehyde or oxo group of donors,    With NAD(+) or NADP(+) as acceptor",primary,122
123,"  Oxidoreductases,   Acting on the aldehyde or oxo group of donors,    With NAD(+) or NADP(+) as acceptor",primary,123
124,"  Oxidoreductases,   Acting on the aldehyde or oxo group of donors,    With NAD(+) or NADP(+) as acceptor",primary,124
125,"  Oxidoreductases,   Acting on the aldehyde or oxo group of donors,    With NAD(+) or NADP(+) as acceptor",primary,125
126,"  Oxidoreductases,   Acting on the aldehyde or oxo group of donors,    With NAD(+) or NADP(+) as acceptor",primary,126
127,"  Oxidoreductases,   Acting on the aldehyde or oxo group of donors,    With NAD(+) or NADP(+) as acceptor",primary,127
128,"  Oxidoreductases,   Acting on the aldehyde or oxo group of donors,    With NAD(+) or NADP(+) as acceptor",primary,128
129,"  Oxidoreductases,   Acting on the aldehyde or oxo group of donors,    With NAD(+) or NADP(+) as acceptor",primary,129
130,"  Oxidoreductases,   Acting on the aldehyde or oxo group of donors,    With NAD(+) or NADP(+) as acceptor",primary,130
131,"  Oxidoreductases,   Acting on the aldehyde or oxo group of donors,    With NAD(+) or NADP(+) as acceptor",primary,131
132,"  Oxidoreductases,   Acting on the aldehyde or oxo group of donors,    With NAD(+) or NADP(+) as acceptor",primary,132
133,"  Oxidoreductases,   Acting on the aldehyde or oxo group of donors,    With NAD(+) or NADP(+) as acceptor",primary,133
134,"  Oxidoreductases,   Acting on the aldehyde or oxo group of donors,    With NAD(+) or NADP(+) as acceptor",primary,134
135,"  Oxidoreductases,   Acting on the aldehyde or oxo group of donors,    With NAD(+) or NADP(+) as acceptor",primary,135
136,"  Oxidoreductases,   Acting on the aldehyde or oxo group of donors,    With NAD(+) or NADP(+) as acceptor",primary,136
137,"  Oxidoreductases,   Acting on the aldehyde or oxo group of donors,    With oxygen as acceptor",primary,137
138,"  Oxidoreductases,   Acting on the aldehyde or oxo group of donors,    With oxygen as acceptor",primary,138
139,"  Oxidoreductases,   Acting on the aldehyde or oxo group of donors,    With a disulfide as acceptor",primary,139
140,"  Oxidoreductases,   Acting on the aldehyde or oxo group of donors,    With a disulfide as acceptor",primary,140
141,"  Oxidoreductases,   Acting on the aldehyde or oxo group of donors,    With a disulfide as acceptor",primary,141
142,"  Oxidoreductases,   Acting on the aldehyde or oxo group of donors,    With an ironsulfur protein as acceptor",primary,142
143,"  Oxidoreductases,   Acting on the CHCH group of donors,    With NAD(+) or NADP(+) as acceptor",primary,143
144,"  Oxidoreductases,   Acting on the CHCH group of donors,    With NAD(+) or NADP(+) as acceptor",primary,144
145,"  Oxidoreductases,   Acting on the CHCH group of donors,    With NAD(+) or NADP(+) as acceptor",primary,145
146,"  Oxidoreductases,   Acting on the CHCH group of donors,    With NAD(+) or NADP(+) as acceptor",primary,146
147,"  Oxidoreductases,   Acting on the CHCH group of donors,    With NAD(+) or NADP(+) as acceptor",primary,147
148,"  Oxidoreductases,   Acting on the CHCH group of donors,    With NAD(+) or NADP(+) as acceptor",primary,148
149,"  Oxidoreductases,   Acting on the CHCH group of donors,    With NAD(+) or NADP(+) as acceptor",primary,149
150,"  Oxidoreductases,   Acting on the CHCH group of donors,    With NAD(+) or NADP(+) as acceptor",primary,150
151,"  Oxidoreductases,   Acting on the CHCH group of donors,    With NAD(+) or NADP(+) as acceptor",primary,151
152,"  Oxidoreductases,   Acting on the CHCH group of donors,    With NAD(+) or NADP(+) as acceptor",primary,152
153,"  Oxidoreductases,   Acting on the CHCH group of donors,    With oxygen as acceptor",primary,153
154,"  Oxidoreductases,   Acting on the CHCH group of donors,    With oxygen as acceptor",primary,154
155,"  Oxidoreductases,   Acting on the CHCH group of donors,    With oxygen as acceptor",primary,155
156,"  Oxidoreductases,   Acting on the CHCH group of donors,    With oxygen as acceptor",primary,156
157,"  Oxidoreductases,   Acting on the CHCH group of donors,    With oxygen as acceptor",primary,157
158,"  Oxidoreductases,   Acting on the CHCH group of donors,    With a quinone or related compound as acceptor",primary,158
159,"  Oxidoreductases,   Acting on the CHCH group of donors,    With other acceptors",primary,159
160,"  Oxidoreductases,   Acting on the CHCH group of donors,    With other acceptors",primary,160
161,"  Oxidoreductases,   Acting on the CHCH group of donors,    With other acceptors",primary,161
162,"  Oxidoreductases,   Acting on the CHCH group of donors,    With other acceptors",primary,162
163,"  Oxidoreductases,   Acting on the CHCH group of donors,    With other acceptors",primary,163
164,"  Oxidoreductases,   Acting on the CHCH group of donors,    With other acceptors",primary,164
165,"  Oxidoreductases,   Acting on the CHCH group of donors,    With other acceptors",primary,165
166,"  Oxidoreductases,   Acting on the CHCH group of donors,    With other acceptors",primary,166
167,"  Oxidoreductases,   Acting on the CHCH group of donors,    With other acceptors",primary,167
168,"  Oxidoreductases,   Acting on the CHNH(2) group of donors,    With NAD(+) or NADP(+) as acceptor",primary,168
169,"  Oxidoreductases,   Acting on the CHNH(2) group of donors,    With NAD(+) or NADP(+) as acceptor",primary,169
170,"  Oxidoreductases,   Acting on the CHNH(2) group of donors,    With oxygen as acceptor",primary,170
171,"  Oxidoreductases,   Acting on the CHNH(2) group of donors,    With oxygen as acceptor",primary,171
172,"  Oxidoreductases,   Acting on the CHNH(2) group of donors,    With oxygen as acceptor",primary,172
173,"  Oxidoreductases,   Acting on the CHNH(2) group of donors,    With oxygen as acceptor",primary,173
174,"  Oxidoreductases,   Acting on the CHNH(2) group of donors,    With oxygen as acceptor",primary,174
175,"  Oxidoreductases,   Acting on the CHNH(2) group of donors,    With oxygen as acceptor",primary,175
176,"  Oxidoreductases,   Acting on the CHNH group of donors,    With NAD(+) or NADP(+) as acceptor",primary,176
177,"  Oxidoreductases,   Acting on the CHNH group of donors,    With NAD(+) or NADP(+) as acceptor",primary,177
178,"  Oxidoreductases,   Acting on the CHNH group of donors,    With NAD(+) or NADP(+) as acceptor",primary,178
179,"  Oxidoreductases,   Acting on the CHNH group of donors,    With NAD(+) or NADP(+) as acceptor",primary,179
180,"  Oxidoreductases,   Acting on the CHNH group of donors,    With NAD(+) or NADP(+) as acceptor",primary,180
181,"  Oxidoreductases,   Acting on the CHNH group of donors,    With NAD(+) or NADP(+) as acceptor",primary,181
182,"  Oxidoreductases,   Acting on the CHNH group of donors,    With NAD(+) or NADP(+) as acceptor",primary,182
183,"  Oxidoreductases,   Acting on the CHNH group of donors,    With NAD(+) or NADP(+) as acceptor",primary,183
184,"  Oxidoreductases,   Acting on the CHNH group of donors,    With NAD(+) or NADP(+) as acceptor",primary,184
185,"  Oxidoreductases,   Acting on the CHNH group of donors,    With NAD(+) or NADP(+) as acceptor",primary,185
186,"  Oxidoreductases,   Acting on the CHNH group of donors,    With NAD(+) or NADP(+) as acceptor",primary,186
187,"  Oxidoreductases,   Acting on the CHNH group of donors,    With oxygen as acceptor",primary,187
188,"  Oxidoreductases,   Acting on the CHNH group of donors,    With oxygen as acceptor",primary,188
189,"  Oxidoreductases,   Acting on the CHNH group of donors,    With oxygen as acceptor",primary,189
190,"  Oxidoreductases,   Acting on the CHNH group of donors,    With a quinone or similar compound as acceptor",primary,190
191,"  Oxidoreductases,   Acting on the CHNH group of donors,    With other acceptors",primary,191
192,"  Oxidoreductases,   Acting on the CHNH group of donors,    With other acceptors",primary,192
193,"  Oxidoreductases,   Acting on the CHNH group of donors,    With other acceptors",primary,193
194,"  Oxidoreductases,   Acting on NADH or NADPH,    With NAD(+) or NADP(+) as acceptor",primary,194
195,"  Oxidoreductases,   Acting on NADH or NADPH,    With a heme protein as acceptor",primary,195
196,"  Oxidoreductases,   Acting on NADH or NADPH,    With a quinone or similar compound as acceptor",primary,196
197,"  Oxidoreductases,   Acting on NADH or NADPH,    With a quinone or similar compound as acceptor",primary,197
198,"  Oxidoreductases,   Acting on NADH or NADPH,    With other acceptors",primary,198
199,"  Oxidoreductases,   Acting on NADH or NADPH,    With other acceptors",primary,199
200,"  Oxidoreductases,   Acting on other nitrogenous compounds as donors,    With NAD(+) or NADP(+) as acceptor",primary,200
201,"  Oxidoreductases,   Acting on other nitrogenous compounds as donors,",primary,201
202,"  Oxidoreductases,   Acting on a sulfur group of donors,    With NAD(+) or NADP(+) as acceptor",primary,202
203,"  Oxidoreductases,   Acting on a sulfur group of donors,    With NAD(+) or NADP(+) as acceptor",primary,203
204,"  Oxidoreductases,   Acting on a sulfur group of donors,    With NAD(+) or NADP(+) as acceptor",primary,204
205,"  Oxidoreductases,   Acting on a sulfur group of donors,    With NAD(+) or NADP(+) as acceptor",primary,205
206,"  Oxidoreductases,   Acting on a sulfur group of donors,    With oxygen as acceptor",primary,206
207,"  Oxidoreductases,   Acting on a sulfur group of donors,    With a disulfide as acceptor",primary,207
208,"  Transferases,   Transferring onecarbon groups,    Methyltransferases",primary,208
209,"  Transferases,   Transferring onecarbon groups,    Methyltransferases",primary,209
210,"  Transferases,   Transferring onecarbon groups,    Methyltransferases",primary,210
211,"  Transferases,   Transferring onecarbon groups,    Methyltransferases",primary,211
212,"  Transferases,   Transferring onecarbon groups,    Methyltransferases",primary,212
213,"  Transferases,   Transferring onecarbon groups,    Methyltransferases",primary,213
214,"  Transferases,   Transferring onecarbon groups,    Methyltransferases",primary,214
215,"  Transferases,   Transferring onecarbon groups,    Methyltransferases",primary,215
216,"  Transferases,   Transferring onecarbon groups,    Methyltransferases",primary,216
217,"  Transferases,   Transferring onecarbon groups,    Methyltransferases",primary,217
218,"  Transferases,   Transferring onecarbon groups,    Methyltransferases",primary,218
219,"  Transferases,   Transferring onecarbon groups,    Methyltransferases",primary,219
220,"  Transferases,   Transferring onecarbon groups,    Methyltransferases",primary,220
221,"  Transferases,   Transferring onecarbon groups,    Methyltransferases",primary,221
222,"  Transferases,   Transferring onecarbon groups,    Methyltransferases",primary,222
223,"  Transferases,   Transferring onecarbon groups,    Methyltransferases",primary,223
224,"  Transferases,   Transferring onecarbon groups,    Hydroxymethyl, formyl and related transferases",primary,224
225,"  Transferases,   Transferring onecarbon groups,    Hydroxymethyl, formyl and related transferases",primary,225
226,"  Transferases,   Transferring onecarbon groups,    Hydroxymethyl, formyl and related transferases",primary,226
227,"  Transferases,   Transferring onecarbon groups,    Hydroxymethyl, formyl and related transferases",primary,227
228,"  Transferases,   Transferring onecarbon groups,    Hydroxymethyl, formyl and related transferases",primary,228
229,"  Transferases,   Transferring onecarbon groups,    Carboxyl and carbamoyltransferases",primary,229
230,"  Transferases,   Transferring onecarbon groups,    Carboxyl and carbamoyltransferases",primary,230
231,"  Transferases,   Transferring onecarbon groups,    Carboxyl and carbamoyltransferases",primary,231
232,"  Transferases,   Transferring onecarbon groups,    Amidinotransferases",primary,232
233,"  Transferases,   Transferring aldehyde or ketone residues,    Transketolases and transaldolases",primary,233
234,"  Transferases,   Transferring aldehyde or ketone residues,    Transketolases and transaldolases",primary,234
235,"  Transferases,   Acyltransferases,    Transferring groups other than aminoacyl groups",primary,235
236,"  Transferases,   Acyltransferases,    Transferring groups other than aminoacyl groups",primary,236
237,"  Transferases,   Acyltransferases,    Transferring groups other than aminoacyl groups",primary,237
238,"  Transferases,   Acyltransferases,    Transferring groups other than aminoacyl groups",primary,238
239,"  Transferases,   Acyltransferases,    Transferring groups other than aminoacyl groups",primary,239
240,"  Transferases,   Acyltransferases,    Transferring groups other than aminoacyl groups",primary,240
241,"  Transferases,   Acyltransferases,    Transferring groups other than aminoacyl groups",primary,241
242,"  Transferases,   Acyltransferases,    Transferring groups other than aminoacyl groups",primary,242
243,"  Transferases,   Acyltransferases,    Transferring groups other than aminoacyl groups",primary,243
244,"  Transferases,   Acyltransferases,    Transferring groups other than aminoacyl groups",primary,244
245,"  Transferases,   Acyltransferases,    Transferring groups other than aminoacyl groups",primary,245
246,"  Transferases,   Acyltransferases,    Transferring groups other than aminoacyl groups",primary,246
247,"  Transferases,   Acyltransferases,    Transferring groups other than aminoacyl groups",primary,247
248,"  Transferases,   Acyltransferases,    Transferring groups other than aminoacyl groups",primary,248
249,"  Transferases,   Acyltransferases,    Transferring groups other than aminoacyl groups",primary,249
250,"  Transferases,   Acyltransferases,    Transferring groups other than aminoacyl groups",primary,250
251,"  Transferases,   Acyltransferases,    Transferring groups other than aminoacyl groups",primary,251
252,"  Transferases,   Acyltransferases,    Transferring groups other than aminoacyl groups",primary,252
253,"  Transferases,   Acyltransferases,    Transferring groups other than aminoacyl groups",primary,253
254,"  Transferases,   Acyltransferases,    Transferring groups other than aminoacyl groups",primary,254
255,"  Transferases,   Acyltransferases,    Transferring groups other than aminoacyl groups",primary,255
256,"  Transferases,   Acyltransferases,    Transferring groups other than aminoacyl groups",primary,256
257,"  Transferases,   Acyltransferases,    Transferring groups other than aminoacyl groups",primary,257
258,"  Transferases,   Acyltransferases,    Transferring groups other than aminoacyl groups",primary,258
259,"  Transferases,   Acyltransferases,    Transferring groups other than aminoacyl groups",primary,259
260,"  Transferases,   Acyltransferases,    Transferring groups other than aminoacyl groups",primary,260
261,"  Transferases,   Acyltransferases,    Transferring groups other than aminoacyl groups",primary,261
262,"  Transferases,   Acyltransferases,    Transferring groups other than aminoacyl groups",primary,262
263,"  Transferases,   Acyltransferases,    Transferring groups other than aminoacyl groups",primary,263
264,"  Transferases,   Acyltransferases,    Transferring groups other than aminoacyl groups",primary,264
265,"  Transferases,   Acyltransferases,    Transferring groups other than aminoacyl groups",primary,265
266,"  Transferases,   Acyltransferases,    Transferring groups other than aminoacyl groups",primary,266
267,"  Transferases,   Acyltransferases,    Transferring groups other than aminoacyl groups",primary,267
268,"  Transferases,   Acyltransferases,    Aminoacyltransferases",primary,268
269,"  Transferases,   Acyltransferases,    Aminoacyltransferases",primary,269
270,"  Transferases,   Acyltransferases,    Acyl groups converted into alkyl on transfer",primary,270
271,"  Transferases,   Acyltransferases,    Acyl groups converted into alkyl on transfer",primary,271
272,"  Transferases,   Acyltransferases,    Acyl groups converted into alkyl on transfer",primary,272
273,"  Transferases,   Glycosyltransferases,    Hexosyltransferases",primary,273
274,"  Transferases,   Glycosyltransferases,    Hexosyltransferases",primary,274
275,"  Transferases,   Glycosyltransferases,    Hexosyltransferases",primary,275
276,"  Transferases,   Glycosyltransferases,    Hexosyltransferases",primary,276
277,"  Transferases,   Glycosyltransferases,    Hexosyltransferases",primary,277
278,"  Transferases,   Glycosyltransferases,    Hexosyltransferases",primary,278
279,"  Transferases,   Glycosyltransferases,    Hexosyltransferases",primary,279
280,"  Transferases,   Glycosyltransferases,    Hexosyltransferases",primary,280
281,"  Transferases,   Glycosyltransferases,    Hexosyltransferases",primary,281
282,"  Transferases,   Glycosyltransferases,    Hexosyltransferases",primary,282
283,"  Transferases,   Glycosyltransferases,    Hexosyltransferases",primary,283
284,"  Transferases,   Glycosyltransferases,    Hexosyltransferases",primary,284
285,"  Transferases,   Glycosyltransferases,    Hexosyltransferases",primary,285
286,"  Transferases,   Glycosyltransferases,    Hexosyltransferases",primary,286
287,"  Transferases,   Glycosyltransferases,    Hexosyltransferases",primary,287
288,"  Transferases,   Glycosyltransferases,    Hexosyltransferases",primary,288
289,"  Transferases,   Glycosyltransferases,    Hexosyltransferases",primary,289
290,"  Transferases,   Glycosyltransferases,    Hexosyltransferases",primary,290
291,"  Transferases,   Glycosyltransferases,    Hexosyltransferases",primary,291
292,"  Transferases,   Glycosyltransferases,    Hexosyltransferases",primary,292
293,"  Transferases,   Glycosyltransferases,    Hexosyltransferases",primary,293
294,"  Transferases,   Glycosyltransferases,    Hexosyltransferases",primary,294
295,"  Transferases,   Glycosyltransferases,    Hexosyltransferases",primary,295
296,"  Transferases,   Glycosyltransferases,    Hexosyltransferases",primary,296
297,"  Transferases,   Glycosyltransferases,    Hexosyltransferases",primary,297
298,"  Transferases,   Glycosyltransferases,    Hexosyltransferases",primary,298
299,"  Transferases,   Glycosyltransferases,    Hexosyltransferases",primary,299
300,"  Transferases,   Glycosyltransferases,    Hexosyltransferases",primary,300
301,"  Transferases,   Glycosyltransferases,    Hexosyltransferases",primary,301
302,"  Transferases,   Glycosyltransferases,    Hexosyltransferases",primary,302
303,"  Transferases,   Glycosyltransferases,    Hexosyltransferases",primary,303
304,"  Transferases,   Glycosyltransferases,    Hexosyltransferases",primary,304
305,"  Transferases,   Glycosyltransferases,    Hexosyltransferases",primary,305
306,"  Transferases,   Glycosyltransferases,    Hexosyltransferases",primary,306
307,"  Transferases,   Glycosyltransferases,    Hexosyltransferases",primary,307
308,"  Transferases,   Glycosyltransferases,    Hexosyltransferases",primary,308
309,"  Transferases,   Glycosyltransferases,    Hexosyltransferases",primary,309
310,"  Transferases,   Glycosyltransferases,    Hexosyltransferases",primary,310
311,"  Transferases,   Glycosyltransferases,    Hexosyltransferases",primary,311
312,"  Transferases,   Glycosyltransferases,    Hexosyltransferases",primary,312
313,"  Transferases,   Glycosyltransferases,    Hexosyltransferases",primary,313
314,"  Transferases,   Glycosyltransferases,    Hexosyltransferases",primary,314
315,"  Transferases,   Glycosyltransferases,    Hexosyltransferases",primary,315
316,"  Transferases,   Glycosyltransferases,    Hexosyltransferases",primary,316
317,"  Transferases,   Glycosyltransferases,    Hexosyltransferases",primary,317
318,"  Transferases,   Glycosyltransferases,    Hexosyltransferases",primary,318
319,"  Transferases,   Glycosyltransferases,    Hexosyltransferases",primary,319
320,"  Transferases,   Glycosyltransferases,    Hexosyltransferases",primary,320
321,"  Transferases,   Glycosyltransferases,    Hexosyltransferases",primary,321
322,"  Transferases,   Glycosyltransferases,    Hexosyltransferases",primary,322
323,"  Transferases,   Glycosyltransferases,    Hexosyltransferases",primary,323
324,"  Transferases,   Glycosyltransferases,    Pentosyltransferases",primary,324
325,"  Transferases,   Glycosyltransferases,    Pentosyltransferases",primary,325
326,"  Transferases,   Glycosyltransferases,    Pentosyltransferases",primary,326
327,"  Transferases,   Glycosyltransferases,    Pentosyltransferases",primary,327
328,"  Transferases,   Glycosyltransferases,    Pentosyltransferases",primary,328
329,"  Transferases,   Glycosyltransferases,    Pentosyltransferases",primary,329
330,"  Transferases,   Glycosyltransferases,    Pentosyltransferases",primary,330
331,"  Transferases,   Glycosyltransferases,    Pentosyltransferases",primary,331
332,"  Transferases,   Glycosyltransferases,    Pentosyltransferases",primary,332
333,"  Transferases,   Glycosyltransferases,    Transferring other glycosyl groups",primary,333
334,"  Transferases,   Glycosyltransferases,    Transferring other glycosyl groups",primary,334
335,"  Transferases,   Glycosyltransferases,    Transferring other glycosyl groups",primary,335
336,"  Transferases,   Glycosyltransferases,    Transferring other glycosyl groups",primary,336
337,"  Transferases,   Glycosyltransferases,    Transferring other glycosyl groups",primary,337
338,"  Transferases,   Glycosyltransferases,    Transferring other glycosyl groups",primary,338
339,"  Transferases,   Glycosyltransferases,    Transferring other glycosyl groups",primary,339
340,"  Transferases,   Transferring alkyl or aryl groups, other than methyl groups,    Transferring alkyl or aryl groups, other than methyl groups",primary,340
341,"  Transferases,   Transferring alkyl or aryl groups, other than methyl groups,    Transferring alkyl or aryl groups, other than methyl groups",primary,341
342,"  Transferases,   Transferring alkyl or aryl groups, other than methyl groups,    Transferring alkyl or aryl groups, other than methyl groups",primary,342
343,"  Transferases,   Transferring alkyl or aryl groups, other than methyl groups,    Transferring alkyl or aryl groups, other than methyl groups",primary,343
344,"  Transferases,   Transferring alkyl or aryl groups, other than methyl groups,    Transferring alkyl or aryl groups, other than methyl groups",primary,344
345,"  Transferases,   Transferring alkyl or aryl groups, other than methyl groups,    Transferring alkyl or aryl groups, other than methyl groups",primary,345
346,"  Transferases,   Transferring alkyl or aryl groups, other than methyl groups,    Transferring alkyl or aryl groups, other than methyl groups",primary,346
347,"  Transferases,   Transferring alkyl or aryl groups, other than methyl groups,    Transferring alkyl or aryl groups, other than methyl groups",primary,347
348,"  Transferases,   Transferring alkyl or aryl groups, other than methyl groups,    Transferring alkyl or aryl groups, other than methyl groups",primary,348
349,"  Transferases,   Transferring alkyl or aryl groups, other than methyl groups,    Transferring alkyl or aryl groups, other than methyl groups",primary,349
350,"  Transferases,   Transferring alkyl or aryl groups, other than methyl groups,    Transferring alkyl or aryl groups, other than methyl groups",primary,350
351,"  Transferases,   Transferring alkyl or aryl groups, other than methyl groups,    Transferring alkyl or aryl groups, other than methyl groups",primary,351
352,"  Transferases,   Transferring nitrogenous groups,    Transaminases (aminotransferases)",primary,352
353,"  Transferases,   Transferring nitrogenous groups,    Transaminases (aminotransferases)",primary,353
354,"  Transferases,   Transferring nitrogenous groups,    Transaminases (aminotransferases)",primary,354
355,"  Transferases,   Transferring nitrogenous groups,    Transaminases (aminotransferases)",primary,355
356,"  Transferases,   Transferring nitrogenous groups,    Transaminases (aminotransferases)",primary,356
357,"  Transferases,   Transferring nitrogenous groups,    Transaminases (aminotransferases)",primary,357
358,"  Transferases,   Transferring nitrogenous groups,    Transaminases (aminotransferases)",primary,358
359,"  Transferases,   Transferring nitrogenous groups,    Transaminases (aminotransferases)",primary,359
360,"  Transferases,   Transferring nitrogenous groups,    Transaminases (aminotransferases)",primary,360
361,"  Transferases,   Transferring nitrogenous groups,    Transaminases (aminotransferases)",primary,361
362,"  Transferases,   Transferring nitrogenous groups,    Transaminases (aminotransferases)",primary,362
363,"  Transferases,   Transferring nitrogenous groups,    Transaminases (aminotransferases)",primary,363
364,"  Transferases,   Transferring nitrogenous groups,    Transaminases (aminotransferases)",primary,364
365,"  Transferases,   Transferring nitrogenous groups,    Transaminases (aminotransferases)",primary,365
366,"  Transferases,   Transferring nitrogenous groups,    Transaminases (aminotransferases)",primary,366
367,"  Transferases,   Transferring nitrogenous groups,    Transaminases (aminotransferases)",primary,367
368,"  Transferases,   Transferring nitrogenous groups,    Transaminases (aminotransferases)",primary,368
369,"  Transferases,   Transferring nitrogenous groups,    Transaminases (aminotransferases)",primary,369
370,"  Transferases,   Transferring nitrogenous groups",primary,370
371,"  Transferases,   Transferring phosphorouscontaining groups,    Phosphotransferases with an alcohol group as acceptor",primary,371
372,"  Transferases,   Transferring phosphorouscontaining groups,    Phosphotransferases with an alcohol group as acceptor",primary,372
373,"  Transferases,   Transferring phosphorouscontaining groups,    Phosphotransferases with an alcohol group as acceptor",primary,373
374,"  Transferases,   Transferring phosphorouscontaining groups,    Phosphotransferases with an alcohol group as acceptor",primary,374
375,"  Transferases,   Transferring phosphorouscontaining groups,    Phosphotransferases with an alcohol group as acceptor",primary,375
376,"  Transferases,   Transferring phosphorouscontaining groups,    Phosphotransferases with an alcohol group as acceptor",primary,376
377,"  Transferases,   Transferring phosphorouscontaining groups,    Phosphotransferases with an alcohol group as acceptor",primary,377
378,"  Transferases,   Transferring phosphorouscontaining groups,    Phosphotransferases with an alcohol group as acceptor",primary,378
379,"  Transferases,   Transferring phosphorouscontaining groups,    Phosphotransferases with an alcohol group as acceptor",primary,379
380,"  Transferases,   Transferring phosphorouscontaining groups,    Phosphotransferases with an alcohol group as acceptor",primary,380
381,"  Transferases,   Transferring phosphorouscontaining groups,    Phosphotransferases with an alcohol group as acceptor",primary,381
382,"  Transferases,   Transferring phosphorouscontaining groups,    Phosphotransferases with an alcohol group as acceptor",primary,382
383,"  Transferases,   Transferring phosphorouscontaining groups,    Phosphotransferases with an alcohol group as acceptor",primary,383
384,"  Transferases,   Transferring phosphorouscontaining groups,    Phosphotransferases with an alcohol group as acceptor",primary,384
385,"  Transferases,   Transferring phosphorouscontaining groups,    Phosphotransferases with an alcohol group as acceptor",primary,385
386,"  Transferases,   Transferring phosphorouscontaining groups,    Phosphotransferases with an alcohol group as acceptor",primary,386
387,"  Transferases,   Transferring phosphorouscontaining groups,    Phosphotransferases with an alcohol group as acceptor",primary,387
388,"  Transferases,   Transferring phosphorouscontaining groups,    Phosphotransferases with an alcohol group as acceptor",primary,388
389,"  Transferases,   Transferring phosphorouscontaining groups,    Phosphotransferases with an alcohol group as acceptor",primary,389
390,"  Transferases,   Transferring phosphorouscontaining groups,    Phosphotransferases with an alcohol group as acceptor",primary,390
391,"  Transferases,   Transferring phosphorouscontaining groups,    Phosphotransferases with an alcohol group as acceptor",primary,391
392,"  Transferases,   Transferring phosphorouscontaining groups,    Phosphotransferases with an alcohol group as acceptor",primary,392
393,"  Transferases,   Transferring phosphorouscontaining groups,    Phosphotransferases with an alcohol group as acceptor",primary,393
394,"  Transferases,   Transferring phosphorouscontaining groups,    Phosphotransferases with an alcohol group as acceptor",primary,394
395,"  Transferases,   Transferring phosphorouscontaining groups,    Phosphotransferases with an alcohol group as acceptor",primary,395
396,"  Transferases,   Transferring phosphorouscontaining groups,    Phosphotransferases with an alcohol group as acceptor",primary,396
397,"  Transferases,   Transferring phosphorouscontaining groups,    Phosphotransferases with an alcohol group as acceptor",primary,397
398,"  Transferases,   Transferring phosphorouscontaining groups,    Phosphotransferases with an alcohol group as acceptor",primary,398
399,"  Transferases,   Transferring phosphorouscontaining groups,    Phosphotransferases with an alcohol group as acceptor",primary,399
400,"  Transferases,   Transferring phosphorouscontaining groups,    Phosphotransferases with an alcohol group as acceptor",primary,400
401,"  Transferases,   Transferring phosphorouscontaining groups,    Phosphotransferases with an alcohol group as acceptor",primary,401
402,"  Transferases,   Transferring phosphorouscontaining groups,    Phosphotransferases with an alcohol group as acceptor",primary,402
403,"  Transferases,   Transferring phosphorouscontaining groups,    Phosphotransferases with an alcohol group as acceptor",primary,403
404,"  Transferases,   Transferring phosphorouscontaining groups,    Phosphotransferases with an alcohol group as acceptor",primary,404
405,"  Transferases,   Transferring phosphorouscontaining groups,    Phosphotransferases with an alcohol group as acceptor",primary,405
406,"  Transferases,   Transferring phosphorouscontaining groups,    Phosphotransferases with an alcohol group as acceptor",primary,406
407,"  Transferases,   Transferring phosphorouscontaining groups,    Phosphotransferases with an alcohol group as acceptor",primary,407
408,"  Transferases,   Transferring phosphorouscontaining groups,    Phosphotransferases with an alcohol group as acceptor",primary,408
409,"  Transferases,   Transferring phosphorouscontaining groups,    Phosphotransferases with an alcohol group as acceptor",primary,409
410,"  Transferases,   Transferring phosphorouscontaining groups,    Phosphotransferases with an alcohol group as acceptor",primary,410
411,"  Transferases,   Transferring phosphorouscontaining groups,    Phosphotransferases with an alcohol group as acceptor",primary,411
412,"  Transferases,   Transferring phosphorouscontaining groups,    Phosphotransferases with a carboxyl group as acceptor",primary,412
413,"  Transferases,   Transferring phosphorouscontaining groups,    Phosphotransferases with a nitrogenous group as acceptor",primary,413
414,"  Transferases,   Transferring phosphorouscontaining groups,    Phosphotransferases with a phosphate group as acceptor",primary,414
415,"  Transferases,   Transferring phosphorouscontaining groups,    Phosphotransferases with a phosphate group as acceptor",primary,415
416,"  Transferases,   Transferring phosphorouscontaining groups,    Phosphotransferases with a phosphate group as acceptor",primary,416
417,"  Transferases,   Transferring phosphorouscontaining groups,    Phosphotransferases with a phosphate group as acceptor",primary,417
418,"  Transferases,   Transferring phosphorouscontaining groups,    Phosphotransferases with a phosphate group as acceptor",primary,418
419,"  Transferases,   Transferring phosphorouscontaining groups,    Phosphotransferases with a phosphate group as acceptor",primary,419
420,"  Transferases,   Transferring phosphorouscontaining groups,    Phosphotransferases with a phosphate group as acceptor",primary,420
421,"  Transferases,   Transferring phosphorouscontaining groups,    Diphosphotransferases",primary,421
422,"  Transferases,   Transferring phosphorouscontaining groups,    Nucleotidyltransferases",primary,422
423,"  Transferases,   Transferring phosphorouscontaining groups,    Nucleotidyltransferases",primary,423
424,"  Transferases,   Transferring phosphorouscontaining groups,    Nucleotidyltransferases",primary,424
425,"  Transferases,   Transferring phosphorouscontaining groups,    Nucleotidyltransferases",primary,425
426,"  Transferases,   Transferring phosphorouscontaining groups,    Nucleotidyltransferases",primary,426
427,"  Transferases,   Transferring phosphorouscontaining groups,    Nucleotidyltransferases",primary,427
428,"  Transferases,   Transferring phosphorouscontaining groups,    Nucleotidyltransferases",primary,428
429,"  Transferases,   Transferring phosphorouscontaining groups,    Nucleotidyltransferases",primary,429
430,"  Transferases,   Transferring phosphorouscontaining groups,    Nucleotidyltransferases",primary,430
431,"  Transferases,   Transferring phosphorouscontaining groups,    Nucleotidyltransferases",primary,431
432,"  Transferases,   Transferring phosphorouscontaining groups,    Nucleotidyltransferases",primary,432
433,"  Transferases,   Transferring phosphorouscontaining groups,    Nucleotidyltransferases",primary,433
434,"  Transferases,   Transferring phosphorouscontaining groups,    Nucleotidyltransferases",primary,434
435,"  Transferases,   Transferring phosphorouscontaining groups,    Nucleotidyltransferases",primary,435
436,"  Transferases,   Transferring phosphorouscontaining groups,    Nucleotidyltransferases",primary,436
437,"  Transferases,   Transferring phosphorouscontaining groups,    Nucleotidyltransferases",primary,437
438,"  Transferases,   Transferring phosphorouscontaining groups,    Transferases for other substituted phosphate groups",primary,438
439,"  Transferases,   Transferring phosphorouscontaining groups,    Transferases for other substituted phosphate groups",primary,439
440,"  Transferases,   Transferring phosphorouscontaining groups,    Transferases for other substituted phosphate groups",primary,440
441,"  Transferases,   Transferring phosphorouscontaining groups,    Transferases for other substituted phosphate groups",primary,441
442,"  Transferases,   Transferring phosphorouscontaining groups,    Transferases for other substituted phosphate groups",primary,442
443,"  Transferases,   Transferring phosphorouscontaining groups,    Phosphotransferases with paired acceptors",primary,443
444,"  Transferases,   Transferring sulfurcontaining groups,    Sulfurtransferases",primary,444
445,"  Transferases,   Transferring sulfurcontaining groups,    Sulfurtransferases",primary,445
446,"  Transferases,   Transferring sulfurcontaining groups,    Sulfotransferases",primary,446
447,"  Transferases,   Transferring sulfurcontaining groups,    Sulfotransferases",primary,447
448,"  Transferases,   Transferring sulfurcontaining groups,    Sulfotransferases",primary,448
449,"  Transferases,   Transferring sulfurcontaining groups,    Sulfotransferases",primary,449
450,"  Transferases,   Transferring sulfurcontaining groups,    Sulfotransferases",primary,450
451,"  Transferases,   Transferring sulfurcontaining groups,    Sulfotransferases",primary,451
452,"  Transferases,   Transferring sulfurcontaining groups,    Sulfotransferases",primary,452
453,"  Transferases,   Transferring sulfurcontaining groups,    CoAtransferases",primary,453
454,"  Hydrolases,   Acting on ester bonds,    Carboxylic ester hydrolases",primary,454
455,"  Hydrolases,   Acting on ester bonds,    Carboxylic ester hydrolases",primary,455
456,"  Hydrolases,   Acting on ester bonds,    Carboxylic ester hydrolases",primary,456
457,"  Hydrolases,   Acting on ester bonds,    Carboxylic ester hydrolases",primary,457
458,"  Hydrolases,   Acting on ester bonds,    Carboxylic ester hydrolases",primary,458
459,"  Hydrolases,   Acting on ester bonds,    Carboxylic ester hydrolases",primary,459
460,"  Hydrolases,   Acting on ester bonds,    Carboxylic ester hydrolases",primary,460
461,"  Hydrolases,   Acting on ester bonds,    Carboxylic ester hydrolases",primary,461
462,"  Hydrolases,   Acting on ester bonds,    Carboxylic ester hydrolases",primary,462
463,"  Hydrolases,   Acting on ester bonds,    Carboxylic ester hydrolases",primary,463
464,"  Hydrolases,   Acting on ester bonds,    Carboxylic ester hydrolases",primary,464
465,"  Hydrolases,   Acting on ester bonds,    Thiolester hydrolases",primary,465
466,"  Hydrolases,   Acting on ester bonds,    Thiolester hydrolases",primary,466
467,"  Hydrolases,   Acting on ester bonds,    Thiolester hydrolases",primary,467
468,"  Hydrolases,   Acting on ester bonds,    Thiolester hydrolases",primary,468
469,"  Hydrolases,   Acting on ester bonds,    Thiolester hydrolases",primary,469
470,"  Hydrolases,   Acting on ester bonds,    Thiolester hydrolases",primary,470
471,"  Hydrolases,   Acting on ester bonds,    Thiolester hydrolases",primary,471
472,"  Hydrolases,   Acting on ester bonds,    Thiolester hydrolases",primary,472
473,"  Hydrolases,   Acting on ester bonds,    Phosphoric monoester hydrolases",primary,473
474,"  Hydrolases,   Acting on ester bonds,    Phosphoric monoester hydrolases",primary,474
475,"  Hydrolases,   Acting on ester bonds,    Phosphoric monoester hydrolases",primary,475
476,"  Hydrolases,   Acting on ester bonds,    Phosphoric monoester hydrolases",primary,476
477,"  Hydrolases,   Acting on ester bonds,    Phosphoric monoester hydrolases",primary,477
478,"  Hydrolases,   Acting on ester bonds,    Phosphoric monoester hydrolases",primary,478
479,"  Hydrolases,   Acting on ester bonds,    Phosphoric monoester hydrolases",primary,479
480,"  Hydrolases,   Acting on ester bonds,    Phosphoric monoester hydrolases",primary,480
481,"  Hydrolases,   Acting on ester bonds,    Phosphoric monoester hydrolases",primary,481
482,"  Hydrolases,   Acting on ester bonds,    Phosphoric monoester hydrolases",primary,482
483,"  Hydrolases,   Acting on ester bonds,    Phosphoric monoester hydrolases",primary,483
484,"  Hydrolases,   Acting on ester bonds,    Phosphoric monoester hydrolases",primary,484
485,"  Hydrolases,   Acting on ester bonds,    Phosphoric monoester hydrolases",primary,485
486,"  Hydrolases,   Acting on ester bonds,    Phosphoric monoester hydrolases",primary,486
487,"  Hydrolases,   Acting on ester bonds,    Phosphoric monoester hydrolases",primary,487
488,"  Hydrolases,   Acting on ester bonds,    Phosphoric monoester hydrolases",primary,488
489,"  Hydrolases,   Acting on ester bonds,    Phosphoric monoester hydrolases",primary,489
490,"  Hydrolases,   Acting on ester bonds,    Phosphoric monoester hydrolases",primary,490
491,"  Hydrolases,   Acting on ester bonds,    Phosphoric monoester hydrolases",primary,491
492,"  Hydrolases,   Acting on ester bonds,    Phosphoric monoester hydrolases",primary,492
493,"  Hydrolases,   Acting on ester bonds,    Phosphoric monoester hydrolases",primary,493
494,"  Hydrolases,   Acting on ester bonds,    Phosphoric monoester hydrolases",primary,494
495,"  Hydrolases,   Acting on ester bonds,    Phosphoric monoester hydrolases",primary,495
496,"  Hydrolases,   Acting on ester bonds,    Phosphoric diester hydrolases",primary,496
497,"  Hydrolases,   Acting on ester bonds,    Phosphoric diester hydrolases",primary,497
498,"  Hydrolases,   Acting on ester bonds,    Phosphoric diester hydrolases",primary,498
499,"  Hydrolases,   Acting on ester bonds,    Phosphoric diester hydrolases",primary,499
500,"  Hydrolases,   Acting on ester bonds,    Phosphoric diester hydrolases",primary,500
501,"  Hydrolases,   Acting on ester bonds,    Phosphoric diester hydrolases",primary,501
502,"  Hydrolases,   Acting on ester bonds,    Phosphoric diester hydrolases",primary,502
503,"  Hydrolases,   Acting on ester bonds,    Phosphoric diester hydrolases",primary,503
504,"  Hydrolases,   Acting on ester bonds,    Sulfuric ester hydrolases",primary,504
505,"  Hydrolases,   Acting on ester bonds,    Sulfuric ester hydrolases",primary,505
506,"  Hydrolases,   Acting on ester bonds,    Sulfuric ester hydrolases",primary,506
507,"  Hydrolases,   Acting on ester bonds,    Sulfuric ester hydrolases",primary,507
508,"  Hydrolases,   Acting on ester bonds,    Sulfuric ester hydrolases",primary,508
509,"  Hydrolases,   Acting on ester bonds,    Sulfuric ester hydrolases",primary,509
510,"  Hydrolases,   Acting on ester bonds,    Sulfuric ester hydrolases",primary,510
511,"  Hydrolases,   Acting on ester bonds,    Sulfuric ester hydrolases",primary,511
512,"  Hydrolases,   Acting on sulfurnitrogen bonds,    Acting on sulfurnitrogen bonds",primary,512
513,"  Hydrolases,   Glycosylases,    Glycosidases, i",primary,513
514,"  Hydrolases,   Glycosylases,    Glycosidases, i",primary,514
515,"  Hydrolases,   Glycosylases,    Glycosidases, i",primary,515
516,"  Hydrolases,   Glycosylases,    Glycosidases, i",primary,516
517,"  Hydrolases,   Glycosylases,    Glycosidases, i",primary,517
518,"  Hydrolases,   Glycosylases,    Glycosidases, i",primary,518
519,"  Hydrolases,   Glycosylases,    Glycosidases, i",primary,519
520,"  Hydrolases,   Glycosylases,    Glycosidases, i",primary,520
521,"  Hydrolases,   Glycosylases,    Glycosidases, i",primary,521
522,"  Hydrolases,   Glycosylases,    Glycosidases, i",primary,522
523,"  Hydrolases,   Glycosylases,    Glycosidases, i",primary,523
524,"  Hydrolases,   Glycosylases,    Glycosidases, i",primary,524
525,"  Hydrolases,   Glycosylases,    Glycosidases, i",primary,525
526,"  Hydrolases,   Glycosylases,    Glycosidases, i",primary,526
527,"  Hydrolases,   Glycosylases,    Glycosidases, i",primary,527
528,"  Hydrolases,   Glycosylases,    Glycosidases, i",primary,528
529,"  Hydrolases,   Glycosylases,    Glycosidases, i",primary,529
530,"  Hydrolases,   Glycosylases,    Glycosidases, i",primary,530
531,"  Hydrolases,   Glycosylases,    Glycosidases, i",primary,531
532,"  Hydrolases,   Glycosylases,    Glycosidases, i",primary,532
533,"  Hydrolases,   Glycosylases,    Glycosidases, i",primary,533
534,"  Hydrolases,   Glycosylases,    Glycosidases, i",primary,534
535,"  Hydrolases,   Glycosylases,    Glycosidases, i",primary,535
536,"  Hydrolases,   Glycosylases,    Glycosidases, i",primary,536
537,"  Hydrolases,   Glycosylases,    Glycosidases, i",primary,537
538,"  Hydrolases,   Glycosylases,    Glycosidases, i",primary,538
539,"  Hydrolases,   Glycosylases,    Hydrolyzing Nglycosyl compounds",primary,539
540,"  Hydrolases,   Glycosylases,    Hydrolyzing Nglycosyl compounds",primary,540
541,"  Hydrolases,   Acting on ether bonds,    Thioether and trialkylsulfonium hydrolases",primary,541
542,"  Hydrolases,   Acting on ether bonds,    Ether hydrolases",primary,542
543,"  Hydrolases,   Acting on ether bonds,    Ether hydrolases",primary,543
544,"  Hydrolases,   Acting on peptide bonds (peptide hydrolases),    Aminopeptidases",primary,544
545,"  Hydrolases,   Acting on peptide bonds (peptide hydrolases),    Aminopeptidases",primary,545
546,"  Hydrolases,   Acting on peptide bonds (peptide hydrolases),    Aminopeptidases",primary,546
547,"  Hydrolases,   Acting on peptide bonds (peptide hydrolases),    Dipeptidases",primary,547
548,"  Hydrolases,   Acting on peptide bonds (peptide hydrolases),    Dipeptidylpeptidases and tripeptidylpeptidases",primary,548
549,"  Hydrolases,   Acting on peptide bonds (peptide hydrolases),    Peptidyldipeptidases",primary,549
550,"  Hydrolases,   Acting on peptide bonds (peptide hydrolases),    Metallocarboxypeptidases",primary,550
551,"  Hydrolases,   Acting on peptide bonds (peptide hydrolases),    Omega peptidases",primary,551
552,"  Hydrolases,   Acting on peptide bonds (peptide hydrolases),    Omega peptidases",primary,552
553,"  Hydrolases,   Acting on peptide bonds (peptide hydrolases)",primary,553
554,"  Hydrolases,   Acting on peptide bonds (peptide hydrolases),    Serine endopeptidases",primary,554
555,"  Hydrolases,   Acting on peptide bonds (peptide hydrolases),    Serine endopeptidases",primary,555
556,"  Hydrolases,   Acting on peptide bonds (peptide hydrolases),    Serine endopeptidases",primary,556
557,"  Hydrolases,   Acting on peptide bonds (peptide hydrolases),    Metalloendopeptidases",primary,557
558,"  Hydrolases,   Acting on peptide bonds (peptide hydrolases),    Metalloendopeptidases",primary,558
559,"  Hydrolases,   Acting on carbonnitrogen bonds, other than peptide bonds,    In linear amides",primary,559
560,"  Hydrolases,   Acting on carbonnitrogen bonds, other than peptide bonds,    In linear amides",primary,560
561,"  Hydrolases,   Acting on carbonnitrogen bonds, other than peptide bonds,    In linear amides",primary,561
562,"  Hydrolases,   Acting on carbonnitrogen bonds, other than peptide bonds,    In linear amides",primary,562
563,"  Hydrolases,   Acting on carbonnitrogen bonds, other than peptide bonds,    In linear amides",primary,563
564,"  Hydrolases,   Acting on carbonnitrogen bonds, other than peptide bonds,    In linear amides",primary,564
565,"  Hydrolases,   Acting on carbonnitrogen bonds, other than peptide bonds,    In linear amides",primary,565
566,"  Hydrolases,   Acting on carbonnitrogen bonds, other than peptide bonds,    In linear amides",primary,566
567,"  Hydrolases,   Acting on carbonnitrogen bonds, other than peptide bonds,    In linear amides",primary,567
568,"  Hydrolases,   Acting on carbonnitrogen bonds, other than peptide bonds,    In linear amides",primary,568
569,"  Hydrolases,   Acting on carbonnitrogen bonds, other than peptide bonds,    In linear amides",primary,569
570,"  Hydrolases,   Acting on carbonnitrogen bonds, other than peptide bonds,    In linear amides",primary,570
571,"  Hydrolases,   Acting on carbonnitrogen bonds, other than peptide bonds,    In linear amides",primary,571
572,"  Hydrolases,   Acting on carbonnitrogen bonds, other than peptide bonds,    In linear amides",primary,572
573,"  Hydrolases,   Acting on carbonnitrogen bonds, other than peptide bonds,    In linear amides",primary,573
574,"  Hydrolases,   Acting on carbonnitrogen bonds, other than peptide bonds,    In cyclic amides",primary,574
575,"  Hydrolases,   Acting on carbonnitrogen bonds, other than peptide bonds,    In cyclic amides",primary,575
576,"  Hydrolases,   Acting on carbonnitrogen bonds, other than peptide bonds,    In cyclic amides",primary,576
577,"  Hydrolases,   Acting on carbonnitrogen bonds, other than peptide bonds,    In cyclic amides",primary,577
578,"  Hydrolases,   Acting on carbonnitrogen bonds, other than peptide bonds,    In linear amidines",primary,578
579,"  Hydrolases,   Acting on carbonnitrogen bonds, other than peptide bonds,    In linear amidines",primary,579
580,"  Hydrolases,   Acting on carbonnitrogen bonds, other than peptide bonds,    In cyclic amidines",primary,580
581,"  Hydrolases,   Acting on carbonnitrogen bonds, other than peptide bonds,    In cyclic amidines",primary,581
582,"  Hydrolases,   Acting on carbonnitrogen bonds, other than peptide bonds,    In cyclic amidines",primary,582
583,"  Hydrolases,   Acting on carbonnitrogen bonds, other than peptide bonds,    In cyclic amidines",primary,583
584,"  Hydrolases,   Acting on carbonnitrogen bonds, other than peptide bonds,    In cyclic amidines",primary,584
585,"  Hydrolases,   Acting on carbonnitrogen bonds, other than peptide bonds,    In cyclic amidines",primary,585
586,"  Hydrolases,   Acting on carbonnitrogen bonds, other than peptide bonds,    In cyclic amidines",primary,586
587,"  Hydrolases,   Acting on carbonnitrogen bonds, other than peptide bonds,    In cyclic amidines",primary,587
588,"  Hydrolases,   Acting on carbonnitrogen bonds, other than peptide bonds,    In cyclic amidines",primary,588
589,"  Hydrolases,   Acting on carbonnitrogen bonds, other than peptide bonds,    In cyclic amidines",primary,589
590,"  Hydrolases,   Acting on carbonnitrogen bonds, other than peptide bonds,    In cyclic amidines",primary,590
591,"  Hydrolases,   Acting on carbonnitrogen bonds, other than peptide bonds,    In other compounds",primary,591
592,"  Hydrolases,   Acting on acid anhydrides,    In phosphorouscontaining anhydrides",primary,592
593,"  Hydrolases,   Acting on acid anhydrides,    In phosphorouscontaining anhydrides",primary,593
594,"  Hydrolases,   Acting on acid anhydrides,    In phosphorouscontaining anhydrides",primary,594
595,"  Hydrolases,   Acting on acid anhydrides,    In phosphorouscontaining anhydrides",primary,595
596,"  Hydrolases,   Acting on acid anhydrides,    In phosphorouscontaining anhydrides",primary,596
597,"  Hydrolases,   Acting on acid anhydrides,    In phosphorouscontaining anhydrides",primary,597
598,"  Hydrolases,   Acting on acid anhydrides,    In phosphorouscontaining anhydrides",primary,598
599,"  Hydrolases,   Acting on acid anhydrides,    In phosphorouscontaining anhydrides",primary,599
600,"  Hydrolases,   Acting on acid anhydrides,    In phosphorouscontaining anhydrides",primary,600
601,"  Hydrolases,   Acting on acid anhydrides,    In phosphorouscontaining anhydrides",primary,601
602,"  Hydrolases,   Acting on acid anhydrides,    In phosphorouscontaining anhydrides",primary,602
603,"  Hydrolases,   Acting on acid anhydrides,    In phosphorouscontaining anhydrides",primary,603
604,"  Hydrolases,   Acting on acid anhydrides,    In phosphorouscontaining anhydrides",primary,604
605,"  Hydrolases,   Acting on acid anhydrides,    In phosphorouscontaining anhydrides",primary,605
606,"  Hydrolases,   Acting on acid anhydrides,    In phosphorouscontaining anhydrides",primary,606
607,"  Hydrolases,   Acting on acid anhydrides,    In phosphorouscontaining anhydrides",primary,607
608,"  Hydrolases,   Acting on acid anhydrides,    Acting on acid anhydrides; catalyzing transmembrane movement of substances",primary,608
609,"  Hydrolases,   Acting on acid anhydrides,    Acting on acid anhydrides; catalyzing transmembrane movement of substances",primary,609
610,"  Hydrolases,   Acting on acid anhydrides,    Acting on acid anhydrides; catalyzing transmembrane movement of substances",primary,610
611,"  Hydrolases,   Acting on acid anhydrides,    Acting on acid anhydrides; catalyzing transmembrane movement of substances",primary,611
612,"  Hydrolases,   Acting on acid anhydrides,    Acting on acid anhydrides; catalyzing transmembrane movement of substances",primary,612
613,"  Hydrolases,   Acting on carboncarbon bonds,    In ketonic substances",primary,613
614,"  Hydrolases,   Acting on carboncarbon bonds,    In ketonic substances",primary,614
615,"  Lyases,   Carboncarbon lyases,    Carboxylyases",primary,615
616,"  Lyases,   Carboncarbon lyases,    Carboxylyases",primary,616
617,"  Lyases,   Carboncarbon lyases,    Carboxylyases",primary,617
618,"  Lyases,   Carboncarbon lyases,    Carboxylyases",primary,618
619,"  Lyases,   Carboncarbon lyases,    Carboxylyases",primary,619
620,"  Lyases,   Carboncarbon lyases,    Carboxylyases",primary,620
621,"  Lyases,   Carboncarbon lyases,    Carboxylyases",primary,621
622,"  Lyases,   Carboncarbon lyases,    Carboxylyases",primary,622
623,"  Lyases,   Carboncarbon lyases,    Carboxylyases",primary,623
624,"  Lyases,   Carboncarbon lyases,    Carboxylyases",primary,624
625,"  Lyases,   Carboncarbon lyases,    Carboxylyases",primary,625
626,"  Lyases,   Carboncarbon lyases,    Carboxylyases",primary,626
627,"  Lyases,   Carboncarbon lyases,    Carboxylyases",primary,627
628,"  Lyases,   Carboncarbon lyases,    Carboxylyases",primary,628
629,"  Lyases,   Carboncarbon lyases,    Carboxylyases",primary,629
630,"  Lyases,   Carboncarbon lyases,    Carboxylyases",primary,630
631,"  Lyases,   Carboncarbon lyases,    Carboxylyases",primary,631
632,"  Lyases,   Carboncarbon lyases,    Carboxylyases",primary,632
633,"  Lyases,   Carboncarbon lyases,    Carboxylyases",primary,633
634,"  Lyases,   Carboncarbon lyases,    Aldehydelyases",primary,634
635,"  Lyases,   Carboncarbon lyases,    Aldehydelyases",primary,635
636,"  Lyases,   Carboncarbon lyases,    Aldehydelyases",primary,636
637,"  Lyases,   Carboncarbon lyases,    Aldehydelyases",primary,637
638,"  Lyases,   Carboncarbon lyases,    Oxoacidlyases",primary,638
639,"  Lyases,   Carboncarbon lyases,    Oxoacidlyases",primary,639
640,"  Lyases,   Carboncarbon lyases,    Oxoacidlyases",primary,640
641,"  Lyases,   Carboncarbon lyases,    Oxoacidlyases",primary,641
642,"  Lyases,   Carboncarbon lyases,    Oxoacidlyases",primary,642
643,"  Lyases,   Carboncarbon lyases,    Oxoacidlyases",primary,643
644,"  Lyases,   Carbonoxygen lyases,    Hydrolyases",primary,644
645,"  Lyases,   Carbonoxygen lyases,    Hydrolyases",primary,645
646,"  Lyases,   Carbonoxygen lyases,    Hydrolyases",primary,646
647,"  Lyases,   Carbonoxygen lyases,    Hydrolyases",primary,647
648,"  Lyases,   Carbonoxygen lyases,    Hydrolyases",primary,648
649,"  Lyases,   Carbonoxygen lyases,    Hydrolyases",primary,649
650,"  Lyases,   Carbonoxygen lyases,    Hydrolyases",primary,650
651,"  Lyases,   Carbonoxygen lyases,    Hydrolyases",primary,651
652,"  Lyases,   Carbonoxygen lyases,    Hydrolyases",primary,652
653,"  Lyases,   Carbonoxygen lyases,    Hydrolyases",primary,653
654,"  Lyases,   Carbonoxygen lyases,    Hydrolyases",primary,654
655,"  Lyases,   Carbonoxygen lyases,    Hydrolyases",primary,655
656,"  Lyases,   Carbonoxygen lyases,    Hydrolyases",primary,656
657,"  Lyases,   Carbonoxygen lyases,    Hydrolyases",primary,657
658,"  Lyases,   Carbonoxygen lyases,    Hydrolyases",primary,658
659,"  Lyases,   Carbonoxygen lyases,    Hydrolyases",primary,659
660,"  Lyases,   Carbonoxygen lyases,    Hydrolyases",primary,660
661,"  Lyases,   Carbonoxygen lyases,    Hydrolyases",primary,661
662,"  Lyases,   Carbonoxygen lyases,    Acting on phosphates",primary,662
663,"  Lyases,   Carbonoxygen lyases,    Acting on phosphates",primary,663
664,"  Lyases,   Carbonoxygen lyases,    Acting on phosphates",primary,664
665,"  Lyases,   Carbonoxygen lyases,    Acting on phosphates",primary,665
666,"  Lyases,   Carbonnitrogen lyases,    Ammonialyases",primary,666
667,"  Lyases,   Carbonnitrogen lyases,    Ammonialyases",primary,667
668,"  Lyases,   Carbonnitrogen lyases,    Ammonialyases",primary,668
669,"  Lyases,   Carbonnitrogen lyases,    Ammonialyases",primary,669
670,"  Lyases,   Carbonnitrogen lyases,    Ammonialyases",primary,670
671,"  Lyases,   Carbonnitrogen lyases,    Lyases acting on amides, amidines, etc",primary,671
672,"  Lyases,   Carbonnitrogen lyases,    Lyases acting on amides, amidines, etc",primary,672
673,"  Lyases,   Carbonsulfur lyases,    Carbonsulfur lyases",primary,673
674,"  Lyases,   Carbonsulfur lyases,    Carbonsulfur lyases",primary,674
675,"  Lyases,   Carbonsulfur lyases,    Carbonsulfur lyases",primary,675
676,"  Lyases,   Carbonsulfur lyases,    Carbonsulfur lyases",primary,676
677,"  Lyases,   Carbonsulfur lyases,    Carbonsulfur lyases",primary,677
678,"  Lyases,   Phosphorusoxygen lyases,    Phosphorusoxygen lyases",primary,678
679,"  Lyases,   Phosphorusoxygen lyases,    Phosphorusoxygen lyases",primary,679
680,"  Lyases,   Other lyases,    Sole subsubclass for lyases that do not belong in the other subclasses",primary,680
681,"  Isomerases,   Racemases and epimerases,    Acting on amino acids and derivatives",primary,681
682,"  Isomerases,   Racemases and epimerases,    Acting on carbohydrates and derivatives",primary,682
683,"  Isomerases,   Racemases and epimerases,    Acting on carbohydrates and derivatives",primary,683
684,"  Isomerases,   Racemases and epimerases,    Acting on carbohydrates and derivatives",primary,684
685,"  Isomerases,   Racemases and epimerases,    Acting on carbohydrates and derivatives",primary,685
686,"  Isomerases,   Racemases and epimerases,    Acting on carbohydrates and derivatives",primary,686
687,"  Isomerases,   Racemases and epimerases,    Acting on carbohydrates and derivatives",primary,687
688,"  Isomerases,   Racemases and epimerases,    Acting on carbohydrates and derivatives",primary,688
689,"  Isomerases,   Racemases and epimerases,    Acting on carbohydrates and derivatives",primary,689
690,"  Isomerases,   Racemases and epimerases,    Acting on other compounds",primary,690
691,"  Isomerases,   Racemases and epimerases,    Acting on other compounds",primary,691
692,"  Isomerases,   Cistransisomerases,    Cistrans Isomerases",primary,692
693,"  Isomerases,   Cistransisomerases,    Cistrans Isomerases",primary,693
694,"  Isomerases,   Cistransisomerases,    Cistrans Isomerases",primary,694
695,"  Isomerases,   Intramolecular oxidoreductases,    Interconverting aldoses and ketoses, and related compounds",primary,695
696,"  Isomerases,   Intramolecular oxidoreductases,    Interconverting aldoses and ketoses, and related compounds",primary,696
697,"  Isomerases,   Intramolecular oxidoreductases,    Interconverting aldoses and ketoses, and related compounds",primary,697
698,"  Isomerases,   Intramolecular oxidoreductases,    Interconverting aldoses and ketoses, and related compounds",primary,698
699,"  Isomerases,   Intramolecular oxidoreductases,    Interconverting aldoses and ketoses, and related compounds",primary,699
700,"  Isomerases,   Intramolecular oxidoreductases,    Interconverting aldoses and ketoses, and related compounds",primary,700
701,"  Isomerases,   Intramolecular oxidoreductases,    Transposing C==C bonds",primary,701
702,"  Isomerases,   Intramolecular oxidoreductases,    Transposing C==C bonds",primary,702
703,"  Isomerases,   Intramolecular oxidoreductases,    Transposing C==C bonds",primary,703
704,"  Isomerases,   Intramolecular oxidoreductases,    Transposing C==C bonds",primary,704
705,"  Isomerases,   Intramolecular oxidoreductases,    Transposing C==C bonds",primary,705
706,"  Isomerases,   Intramolecular oxidoreductases,    Transposing C==C bonds",primary,706
707,"  Isomerases,   Intramolecular oxidoreductases,    Other intramolecular oxidoreductases",primary,707
708,"  Isomerases,   Intramolecular oxidoreductases,    Other intramolecular oxidoreductases",primary,708
709,"  Isomerases,   Intramolecular oxidoreductases,    Other intramolecular oxidoreductases",primary,709
710,"  Isomerases,   Intramolecular oxidoreductases,    Other intramolecular oxidoreductases",primary,710
711,"  Isomerases,   Intramolecular transferases (mutases),    Phosphotransferases (phosphomutases)",primary,711
712,"  Isomerases,   Intramolecular transferases (mutases),    Phosphotransferases (phosphomutases)",primary,712
713,"  Isomerases,   Intramolecular transferases (mutases),    Phosphotransferases (phosphomutases)",primary,713
714,"  Isomerases,   Intramolecular transferases (mutases),    Phosphotransferases (phosphomutases)",primary,714
715,"  Isomerases,   Intramolecular transferases (mutases),    Phosphotransferases (phosphomutases)",primary,715
716,"  Isomerases,   Intramolecular transferases (mutases),    Phosphotransferases (phosphomutases)",primary,716
717,"  Isomerases,   Intramolecular transferases (mutases),    Transferring other groups",primary,717
718,"  Isomerases,   Intramolecular transferases (mutases),    Transferring other groups",primary,718
719,"  Isomerases,   Intramolecular lyases,    Intramolecular lyases",primary,719
720,"  Ligases,   Forming carbonsulfur bonds,    Acidthiol ligases",primary,720
721,"  Ligases,   Forming carbonsulfur bonds,    Acidthiol ligases",primary,721
722,"  Ligases,   Forming carbonsulfur bonds,    Acidthiol ligases",primary,722
723,"  Ligases,   Forming carbonsulfur bonds,    Acidthiol ligases",primary,723
724,"  Ligases,   Forming carbonsulfur bonds,    Acidthiol ligases",primary,724
725,"  Ligases,   Forming carbonsulfur bonds,    Acidthiol ligases",primary,725
726,"  Ligases,   Forming carbonsulfur bonds,    Acidthiol ligases",primary,726
727,"  Ligases,   Forming carbonsulfur bonds,    Acidthiol ligases",primary,727
728,"  Ligases,   Forming carbonsulfur bonds,    Acidthiol ligases",primary,728
729,"  Ligases,   Forming carbonsulfur bonds,    Acidthiol ligases",primary,729
730,"  Ligases,   Forming carbonsulfur bonds,    Acidthiol ligases",primary,730
731,"  Ligases,   Forming carbonsulfur bonds,    Acidthiol ligases",primary,731
732,"  Ligases,   Forming carbonnitrogen bonds,    Acidaminoacid ligases (peptide synthases)",primary,732
733,"  Ligases,   Forming carbonnitrogen bonds,    Acidaminoacid ligases (peptide synthases)",primary,733
734,"  Ligases,   Forming carbonnitrogen bonds,    Acidaminoacid ligases (peptide synthases)",primary,734
735,"  Ligases,   Forming carbonnitrogen bonds,    Cycloligases",primary,735
736,"  Ligases,   Forming carbonnitrogen bonds,    Cycloligases",primary,736
737,"  Ligases,   Forming carbonnitrogen bonds,    Other carbonnitrogen ligases",primary,737
738,"  Ligases,   Forming carbonnitrogen bonds,    Other carbonnitrogen ligases",primary,738
739,"  Ligases,   Forming carbonnitrogen bonds,    Other carbonnitrogen ligases",primary,739
740,"  Ligases,   Forming carbonnitrogen bonds,    Other carbonnitrogen ligases",primary,740
741,"  Ligases,   Forming carbonnitrogen bonds,    Other carbonnitrogen ligases",primary,741
742,"  Ligases,   Forming carbonnitrogen bonds,    Carbonnitrogen ligases with glutamine as amidoNdonor",primary,742
743,"  Ligases,   Forming carbonnitrogen bonds,    Carbonnitrogen ligases with glutamine as amidoNdonor",primary,743
744,"  Ligases,   Forming carboncarbon bonds,    Ligases that form carboncarbon bonds",primary,744
745,"  Ligases,   Forming carboncarbon bonds,    Ligases that form carboncarbon bonds",primary,745
746,"  Ligases,   Forming carboncarbon bonds,    Ligases that form carboncarbon bonds",primary,746
747,"  Ligases,   Forming carboncarbon bonds,    Ligases that form carboncarbon bonds",primary,747
